[
    {
        "id": 62,
        "abbreviation": "Jaguar",
        "generation": 5,
        "name": "Atari Jaguar",
        "slug": "jaguar"
    },
    {
        "id": 477,
        "generation": 8,
        "name": "Panasonic Jungle",
        "slug": "panasonic-jungle"
    },
    {
        "id": 504,
        "alternative_name": "EUzebox",
        "name": "Uzebox",
        "slug": "uzebox"
    },
    {
        "id": 148,
        "name": "AY-3-8607",
        "slug": "ay-3-8607"
    },
    {
        "id": 65,
        "abbreviation": "Atari8bit",
        "name": "Atari 8-bit",
        "slug": "atari8bit"
    },
    {
        "id": 128,
        "abbreviation": "supergrafx",
        "alternative_name": "SuperGrafx",
        "generation": 4,
        "name": "PC Engine SuperGrafx",
        "slug": "supergrafx"
    },
    {
        "id": 89,
        "abbreviation": "microvision",
        "generation": 2,
        "name": "Microvision",
        "slug": "microvision--1"
    },
    {
        "id": 8,
        "abbreviation": "PS2",
        "alternative_name": "PS2",
        "generation": 6,
        "name": "PlayStation 2",
        "slug": "ps2"
    },
    {
        "id": 6,
        "abbreviation": "PC",
        "alternative_name": "mswin",
        "name": "PC (Microsoft Windows)",
        "slug": "win"
    },
    {
        "id": 23,
        "abbreviation": "DC",
        "alternative_name": "DC",
        "generation": 6,
        "name": "Dreamcast",
        "slug": "dc"
    },
    {
        "id": 35,
        "abbreviation": "Game Gear",
        "alternative_name": "GG",
        "generation": 4,
        "name": "Sega Game Gear",
        "slug": "gamegear"
    },
    {
        "id": 44,
        "abbreviation": "zod",
        "name": "Tapwave Zodiac",
        "slug": "zod"
    },
    {
        "id": 88,
        "abbreviation": "odyssey",
        "alternative_name": "Magnavox Odyssey; Odysee; Odisea; Odissea",
        "generation": 1,
        "name": "Odyssey",
        "slug": "odyssey--1"
    },
    {
        "id": 94,
        "abbreviation": "C+4",
        "name": "Commodore Plus/4",
        "slug": "c-plus-4"
    },
    {
        "id": 123,
        "alternative_name": "WSC",
        "generation": 5,
        "name": "WonderSwan Color",
        "slug": "wonderswan-color"
    },
    {
        "id": 134,
        "name": "Acorn Electron",
        "slug": "acorn-electron"
    },
    {
        "id": 129,
        "abbreviation": "ti-99",
        "alternative_name": "Texas Instruments TI-99/4A",
        "name": "Texas Instruments TI-99",
        "slug": "ti-99"
    },
    {
        "id": 133,
        "alternative_name": "Magnavox Odyssey²",
        "name": "Odyssey 2 / Videopac G7000",
        "slug": "odyssey-2-slash-videopac-g7000"
    },
    {
        "id": 135,
        "name": "Hyper Neo Geo 64",
        "slug": "hyper-neo-geo-64"
    },
    {
        "id": 136,
        "alternative_name": "NGCD",
        "generation": 4,
        "name": "Neo Geo CD",
        "slug": "neo-geo-cd"
    },
    {
        "id": 142,
        "generation": 1,
        "name": "PC-50X Family",
        "slug": "pc-50x-family"
    },
    {
        "id": 144,
        "name": "AY-3-8710",
        "slug": "ay-3-8710"
    },
    {
        "id": 146,
        "name": "AY-3-8605",
        "slug": "ay-3-8605"
    },
    {
        "id": 147,
        "name": "AY-3-8606",
        "slug": "ay-3-8606"
    },
    {
        "id": 149,
        "alternative_name": "PC-98",
        "name": "PC-9800 Series",
        "slug": "pc-9800-series"
    },
    {
        "id": 150,
        "alternative_name": "TG-16CD/PCECD",
        "name": "Turbografx-16/PC Engine CD",
        "slug": "turbografx-16-slash-pc-engine-cd"
    },
    {
        "id": 505,
        "alternative_name": "TVGC",
        "name": "Elektor TV Games Computer",
        "slug": "elektor-tv-games-computer"
    },
    {
        "id": 156,
        "name": "Thomson MO5",
        "slug": "thomson-mo5"
    },
    {
        "id": 158,
        "alternative_name": "Commodore Dynamic Total Vision",
        "name": "Commodore CDTV",
        "slug": "commodore-cdtv"
    },
    {
        "id": 163,
        "abbreviation": "Steam VR",
        "name": "SteamVR",
        "slug": "steam-vr"
    },
    {
        "id": 237,
        "name": "Sol-20",
        "slug": "sol-20"
    },
    {
        "id": 13,
        "abbreviation": "DOS",
        "alternative_name": "PC DOS",
        "name": "DOS",
        "slug": "dos"
    },
    {
        "id": 24,
        "abbreviation": "GBA",
        "alternative_name": "GBA",
        "generation": 6,
        "name": "Game Boy Advance",
        "slug": "gba"
    },
    {
        "id": 30,
        "abbreviation": "Sega32",
        "generation": 4,
        "name": "Sega 32X",
        "slug": "sega32"
    },
    {
        "id": 85,
        "abbreviation": "donner30",
        "name": "Donner Model 30",
        "slug": "donner30"
    },
    {
        "id": 119,
        "alternative_name": "NGP",
        "generation": 5,
        "name": "Neo Geo Pocket",
        "slug": "neo-geo-pocket"
    },
    {
        "id": 41,
        "abbreviation": "WiiU",
        "alternative_name": "Project Cafe",
        "generation": 8,
        "name": "Wii U",
        "slug": "wiiu"
    },
    {
        "id": 53,
        "abbreviation": "MSX2",
        "name": "MSX2",
        "slug": "msx2"
    },
    {
        "id": 140,
        "name": "AY-3-8500",
        "slug": "ay-3-8500"
    },
    {
        "id": 143,
        "name": "AY-3-8760",
        "slug": "ay-3-8760"
    },
    {
        "id": 60,
        "abbreviation": "Atari7800",
        "alternative_name": "Atari 7800 ProSystem",
        "generation": 3,
        "name": "Atari 7800",
        "slug": "atari7800"
    },
    {
        "id": 70,
        "abbreviation": "vectrex",
        "generation": 2,
        "name": "Vectrex",
        "slug": "vectrex"
    },
    {
        "id": 145,
        "name": "AY-3-8603",
        "slug": "ay-3-8603"
    },
    {
        "id": 77,
        "abbreviation": "x1",
        "name": "Sharp X1",
        "slug": "x1"
    },
    {
        "id": 78,
        "abbreviation": "segacd",
        "alternative_name": "Mega CD",
        "generation": 4,
        "name": "Sega CD",
        "slug": "segacd"
    },
    {
        "id": 87,
        "abbreviation": "virtualboy",
        "alternative_name": "VB",
        "generation": 5,
        "name": "Virtual Boy",
        "slug": "virtualboy"
    },
    {
        "id": 97,
        "abbreviation": "pdp-8",
        "name": "PDP-8",
        "slug": "pdp-8--1"
    },
    {
        "id": 98,
        "abbreviation": "gt40",
        "name": "DEC GT40",
        "slug": "gt40"
    },
    {
        "id": 101,
        "abbreviation": "nimrod",
        "name": "Ferranti Nimrod Computer",
        "slug": "nimrod"
    },
    {
        "id": 108,
        "abbreviation": "pdp11",
        "name": "PDP-11",
        "slug": "pdp11"
    },
    {
        "id": 109,
        "abbreviation": "cdccyber70",
        "name": "CDC Cyber 70",
        "slug": "cdccyber70"
    },
    {
        "id": 112,
        "abbreviation": "microcomputer",
        "name": "Microcomputer",
        "slug": "microcomputer--1"
    },
    {
        "id": 113,
        "name": "OnLive Game System",
        "slug": "onlive-game-system"
    },
    {
        "id": 115,
        "name": "Apple IIGS",
        "slug": "apple-iigs"
    },
    {
        "id": 120,
        "alternative_name": "NGPC",
        "generation": 5,
        "name": "Neo Geo Pocket Color",
        "slug": "neo-geo-pocket-color"
    },
    {
        "id": 124,
        "name": "SwanCrystal",
        "slug": "swancrystal"
    },
    {
        "id": 125,
        "name": "PC-8800 Series",
        "slug": "pc-8800-series"
    },
    {
        "id": 127,
        "generation": 2,
        "name": "Fairchild Channel F",
        "slug": "fairchild-channel-f"
    },
    {
        "id": 132,
        "name": "Amazon Fire TV",
        "slug": "amazon-fire-tv"
    },
    {
        "id": 138,
        "generation": 2,
        "name": "VC 4000",
        "slug": "vc-4000"
    },
    {
        "id": 139,
        "generation": 2,
        "name": "1292 Advanced Programmable Video System",
        "slug": "1292-advanced-programmable-video-system"
    },
    {
        "id": 153,
        "name": "Dragon 32/64",
        "slug": "dragon-32-slash-64"
    },
    {
        "id": 154,
        "name": "Amstrad PCW",
        "slug": "amstrad-pcw"
    },
    {
        "id": 155,
        "name": "Tatung Einstein",
        "slug": "tatung-einstein"
    },
    {
        "id": 506,
        "generation": 3,
        "name": "Amstrad GX4000",
        "slug": "amstrad-gx4000"
    },
    {
        "id": 306,
        "generation": 4,
        "name": "Satellaview",
        "slug": "satellaview"
    },
    {
        "id": 307,
        "abbreviation": "G&W",
        "alternative_name": "Tricotronic, GW, G&W",
        "generation": 2,
        "name": "Game & Watch",
        "slug": "g-and-w"
    },
    {
        "id": 308,
        "generation": 5,
        "name": "Playdia",
        "slug": "playdia"
    },
    {
        "id": 131,
        "alternative_name": "SNES-CD",
        "generation": 4,
        "name": "Super NES CD-ROM System",
        "slug": "super-nes-cd-rom-system"
    },
    {
        "id": 9,
        "abbreviation": "PS3",
        "alternative_name": "PS3",
        "generation": 7,
        "name": "PlayStation 3",
        "slug": "ps3"
    },
    {
        "id": 61,
        "abbreviation": "Lynx",
        "generation": 4,
        "name": "Atari Lynx",
        "slug": "lynx"
    },
    {
        "id": 11,
        "abbreviation": "XBOX",
        "generation": 6,
        "name": "Xbox",
        "slug": "xbox"
    },
    {
        "id": 15,
        "abbreviation": "C64",
        "alternative_name": "C64/C128/MAX",
        "name": "Commodore C64/128/MAX",
        "slug": "c64"
    },
    {
        "id": 18,
        "abbreviation": "NES",
        "alternative_name": "NES",
        "generation": 3,
        "name": "Nintendo Entertainment System",
        "slug": "nes"
    },
    {
        "id": 66,
        "abbreviation": "Atari5200",
        "alternative_name": "Atari 5200 SuperSystem",
        "generation": 2,
        "name": "Atari 5200",
        "slug": "atari5200"
    },
    {
        "id": 111,
        "abbreviation": "imlac-pds1",
        "name": "Imlac PDS-1",
        "slug": "imlac-pds1"
    },
    {
        "id": 22,
        "abbreviation": "GBC",
        "alternative_name": "GBC",
        "generation": 5,
        "name": "Game Boy Color",
        "slug": "gbc"
    },
    {
        "id": 32,
        "abbreviation": "Saturn",
        "alternative_name": "JVC Saturn, Hi-Saturn, Samsung Saturn, V-Saturn",
        "generation": 5,
        "name": "Sega Saturn",
        "slug": "saturn"
    },
    {
        "id": 46,
        "abbreviation": "Vita",
        "alternative_name": "PS Vita",
        "generation": 8,
        "name": "PlayStation Vita",
        "slug": "psvita"
    },
    {
        "id": 67,
        "abbreviation": "intellivision",
        "generation": 2,
        "name": "Intellivision",
        "slug": "intellivision"
    },
    {
        "id": 73,
        "abbreviation": "blackberry",
        "name": "BlackBerry OS",
        "slug": "blackberry"
    },
    {
        "id": 86,
        "abbreviation": "turbografx16",
        "alternative_name": "TG16",
        "generation": 4,
        "name": "TurboGrafx-16/PC Engine",
        "slug": "turbografx16--1"
    },
    {
        "id": 114,
        "generation": 5,
        "name": "Amiga CD32",
        "slug": "amiga-cd32"
    },
    {
        "id": 116,
        "name": "Acorn Archimedes",
        "slug": "acorn-archimedes"
    },
    {
        "id": 117,
        "name": "Philips CD-i",
        "slug": "philips-cd-i"
    },
    {
        "id": 118,
        "name": "FM Towns",
        "slug": "fm-towns"
    },
    {
        "id": 121,
        "name": "Sharp X68000",
        "slug": "sharp-x68000"
    },
    {
        "id": 122,
        "name": "Nuon",
        "slug": "nuon"
    },
    {
        "id": 141,
        "name": "AY-3-8610",
        "slug": "ay-3-8610"
    },
    {
        "id": 152,
        "alternative_name": "Fujitsu Micro 7",
        "name": "FM-7",
        "slug": "fm-7"
    },
    {
        "id": 157,
        "name": "NEC PC-6000 Series",
        "slug": "nec-pc-6000-series"
    },
    {
        "id": 162,
        "abbreviation": "Oculus VR",
        "name": "Oculus VR",
        "slug": "oculus-vr"
    },
    {
        "id": 20,
        "abbreviation": "NDS",
        "alternative_name": "NDS",
        "generation": 7,
        "name": "Nintendo DS",
        "slug": "nds"
    },
    {
        "id": 507,
        "alternative_name": "BeenaLite",
        "generation": 6,
        "name": "Advanced Pico Beena",
        "slug": "advanced-pico-beena"
    },
    {
        "id": 57,
        "abbreviation": "WonderSwan",
        "alternative_name": "WS",
        "generation": 5,
        "name": "WonderSwan",
        "slug": "wonderswan"
    },
    {
        "id": 69,
        "abbreviation": "bbcmicro",
        "alternative_name": "BBC Micro",
        "name": "BBC Microcomputer System",
        "slug": "bbcmicro"
    },
    {
        "id": 71,
        "abbreviation": "vic-20",
        "name": "Commodore VIC-20",
        "slug": "vic-20"
    },
    {
        "id": 339,
        "alternative_name": "Kids Computer Pico",
        "generation": 4,
        "name": "Sega Pico",
        "slug": "sega-pico"
    },
    {
        "id": 379,
        "alternative_name": "Tiger Game.com",
        "generation": 5,
        "name": "Game.com",
        "slug": "game-dot-com"
    },
    {
        "id": 382,
        "name": "Intellivision Amico",
        "slug": "intellivision-amico"
    },
    {
        "id": 387,
        "alternative_name": "Go",
        "name": "Oculus Go",
        "slug": "oculus-go"
    },
    {
        "id": 374,
        "name": "Sharp MZ-2200",
        "slug": "sharp-mz-2200"
    },
    {
        "id": 74,
        "abbreviation": "Win Phone",
        "alternative_name": "WP",
        "name": "Windows Phone",
        "slug": "winphone"
    },
    {
        "id": 79,
        "abbreviation": "neogeomvs",
        "alternative_name": "Neo Geo Multi Video System",
        "name": "Neo Geo MVS",
        "slug": "neogeomvs"
    },
    {
        "id": 388,
        "alternative_name": "Samsung Gear VR",
        "name": "Gear VR",
        "slug": "gear-vr"
    },
    {
        "id": 80,
        "abbreviation": "neogeoaes",
        "alternative_name": "AES",
        "generation": 4,
        "name": "Neo Geo AES",
        "slug": "neogeoaes"
    },
    {
        "id": 375,
        "generation": 2,
        "name": "Epoch Cassette Vision",
        "slug": "epoch-cassette-vision"
    },
    {
        "id": 376,
        "alternative_name": "YENO Super Cassette Vision",
        "generation": 3,
        "name": "Epoch Super Cassette Vision",
        "slug": "epoch-super-cassette-vision"
    },
    {
        "id": 84,
        "abbreviation": "sg1000",
        "alternative_name": "Sega Game 1000",
        "generation": 3,
        "name": "SG-1000",
        "slug": "sg1000"
    },
    {
        "id": 91,
        "abbreviation": "astrocade",
        "alternative_name": "Bally Arcade",
        "generation": 2,
        "name": "Bally Astrocade",
        "slug": "astrocade"
    },
    {
        "id": 170,
        "abbreviation": "Stadia",
        "alternative_name": "Stadia",
        "name": "Google Stadia",
        "slug": "stadia"
    },
    {
        "id": 377,
        "alternative_name": "TV Game",
        "name": "Plug & Play",
        "slug": "plug-and-play"
    },
    {
        "id": 384,
        "alternative_name": "Quest",
        "name": "Oculus Quest",
        "slug": "oculus-quest"
    },
    {
        "id": 385,
        "alternative_name": "Rift",
        "name": "Oculus Rift",
        "slug": "oculus-rift"
    },
    {
        "id": 21,
        "abbreviation": "NGC",
        "alternative_name": "GCN",
        "generation": 6,
        "name": "Nintendo GameCube",
        "slug": "ngc"
    },
    {
        "id": 33,
        "abbreviation": "Game Boy",
        "alternative_name": "GB",
        "generation": 4,
        "name": "Game Boy",
        "slug": "gb"
    },
    {
        "id": 42,
        "abbreviation": "NGage",
        "alternative_name": "NGage",
        "generation": 6,
        "name": "N-Gage",
        "slug": "ngage"
    },
    {
        "id": 93,
        "abbreviation": "C16",
        "alternative_name": "C16",
        "name": "Commodore 16",
        "slug": "c16"
    },
    {
        "id": 96,
        "abbreviation": "pdp10",
        "name": "PDP-10",
        "slug": "pdp10"
    },
    {
        "id": 161,
        "alternative_name": "WMR",
        "name": "Windows Mixed Reality",
        "slug": "windows-mixed-reality"
    },
    {
        "id": 479,
        "name": "Terebikko / See 'n Say Video Phone",
        "slug": "terebikko-slash-see-n-say-video-phone"
    },
    {
        "id": 167,
        "abbreviation": "PS5",
        "alternative_name": "PS5",
        "generation": 9,
        "name": "PlayStation 5",
        "slug": "ps5"
    },
    {
        "id": 50,
        "abbreviation": "3DO",
        "alternative_name": "3DO",
        "generation": 5,
        "name": "3DO Interactive Multiplayer",
        "slug": "3do"
    },
    {
        "id": 137,
        "alternative_name": "n3DS",
        "generation": 8,
        "name": "New Nintendo 3DS",
        "slug": "new-nintendo-3ds"
    },
    {
        "id": 64,
        "abbreviation": "SMS",
        "alternative_name": "SMS, Mark III",
        "generation": 3,
        "name": "Sega Master System/Mark III",
        "slug": "sms"
    },
    {
        "id": 274,
        "generation": 5,
        "name": "PC-FX",
        "slug": "pc-fx"
    },
    {
        "id": 309,
        "generation": 8,
        "name": "Evercade",
        "slug": "evercade"
    },
    {
        "id": 381,
        "generation": 9,
        "name": "Playdate",
        "slug": "playdate"
    },
    {
        "id": 95,
        "abbreviation": "pdp1",
        "alternative_name": "Programmed Data Processor-1",
        "name": "PDP-1",
        "slug": "pdp1"
    },
    {
        "id": 110,
        "abbreviation": "plato",
        "alternative_name": "Programmed Logic for Automatic Teaching Operations",
        "name": "PLATO",
        "slug": "plato--1"
    },
    {
        "id": 372,
        "name": "OOParts",
        "slug": "ooparts"
    },
    {
        "id": 378,
        "alternative_name": "Super Boy",
        "generation": 4,
        "name": "Gamate",
        "slug": "gamate"
    },
    {
        "id": 380,
        "alternative_name": "Loopy",
        "name": "Casio Loopy",
        "slug": "casio-loopy"
    },
    {
        "id": 100,
        "abbreviation": "analogueelectronics",
        "name": "Analogue electronics",
        "slug": "analogueelectronics"
    },
    {
        "id": 478,
        "generation": 6,
        "name": "Panasonic M2",
        "slug": "panasonic-m2"
    },
    {
        "id": 236,
        "name": "Exidy Sorcerer",
        "slug": "exidy-sorcerer"
    },
    {
        "id": 26,
        "abbreviation": "ZXS",
        "name": "ZX Spectrum",
        "slug": "zxs"
    },
    {
        "id": 102,
        "abbreviation": "edsac",
        "alternative_name": "Electronic Delay Storage Automatic Calculator",
        "name": "EDSAC",
        "slug": "edsac--1"
    },
    {
        "id": 103,
        "abbreviation": "pdp-7",
        "name": "PDP-7",
        "slug": "pdp-7--1"
    },
    {
        "id": 27,
        "abbreviation": "MSX",
        "name": "MSX",
        "slug": "msx"
    },
    {
        "id": 104,
        "abbreviation": "hp2100",
        "name": "HP 2100",
        "slug": "hp2100"
    },
    {
        "id": 166,
        "name": "Pokémon mini",
        "slug": "pokemon-mini"
    },
    {
        "id": 105,
        "abbreviation": "hp3000",
        "name": "HP 3000",
        "slug": "hp3000"
    },
    {
        "id": 106,
        "abbreviation": "sdssigma7",
        "name": "SDS Sigma 7",
        "slug": "sdssigma7"
    },
    {
        "id": 37,
        "abbreviation": "3DS",
        "alternative_name": "3DS",
        "generation": 8,
        "name": "Nintendo 3DS",
        "slug": "3ds"
    },
    {
        "id": 38,
        "abbreviation": "PSP",
        "alternative_name": "PSP",
        "generation": 7,
        "name": "PlayStation Portable",
        "slug": "psp"
    },
    {
        "id": 107,
        "abbreviation": "call-a-computer",
        "name": "Call-A-Computer time-shared mainframe computer system",
        "slug": "call-a-computer"
    },
    {
        "id": 151,
        "alternative_name": "Tandy Color Computer",
        "name": "TRS-80 Color Computer",
        "slug": "trs-80-color-computer"
    },
    {
        "id": 164,
        "name": "Daydream",
        "slug": "daydream"
    },
    {
        "id": 169,
        "abbreviation": "Series X|S",
        "alternative_name": "XSX",
        "generation": 9,
        "name": "Xbox Series X|S",
        "slug": "series-x-s"
    },
    {
        "id": 203,
        "name": "DUPLICATE Stadia",
        "slug": "duplicate-stadia"
    },
    {
        "id": 238,
        "alternative_name": "Digital Versatile Disc Player",
        "name": "DVD Player",
        "slug": "dvd-player"
    },
    {
        "id": 239,
        "name": "Blu-ray Player",
        "slug": "blu-ray-player"
    },
    {
        "id": 240,
        "generation": 7,
        "name": "Zeebo",
        "slug": "zeebo"
    },
    {
        "id": 386,
        "abbreviation": "Meta Quest 2",
        "alternative_name": "Quest 2",
        "name": "Meta Quest 2",
        "slug": "meta-quest-2"
    },
    {
        "id": 99,
        "abbreviation": "famicom",
        "alternative_name": "Famicom",
        "generation": 3,
        "name": "Family Computer",
        "slug": "famicom"
    },
    {
        "id": 165,
        "abbreviation": "PSVR",
        "alternative_name": "PSVR",
        "generation": 8,
        "name": "PlayStation VR",
        "slug": "psvr"
    },
    {
        "id": 405,
        "alternative_name": "Pocket PC",
        "name": "Windows Mobile",
        "slug": "windows-mobile"
    },
    {
        "id": 389,
        "name": "AirConsole",
        "slug": "airconsole"
    },
    {
        "id": 390,
        "abbreviation": "PSVR2",
        "alternative_name": "PSVR2",
        "generation": 9,
        "name": "PlayStation VR2",
        "slug": "psvr2"
    },
    {
        "id": 406,
        "alternative_name": "Sinclair Quantum Leap",
        "name": "Sinclair QL",
        "slug": "sinclair-ql"
    },
    {
        "id": 407,
        "generation": 7,
        "name": "HyperScan",
        "slug": "hyperscan"
    },
    {
        "id": 408,
        "alternative_name": "WG-108",
        "generation": 4,
        "name": "Mega Duck/Cougar Boy",
        "slug": "mega-duck-slash-cougar-boy"
    },
    {
        "id": 410,
        "alternative_name": "Jag CD",
        "generation": 5,
        "name": "Atari Jaguar CD",
        "slug": "atari-jaguar-cd"
    },
    {
        "id": 411,
        "alternative_name": "Handheld LCD Game",
        "name": "Handheld Electronic LCD",
        "slug": "handheld-electronic-lcd"
    },
    {
        "id": 409,
        "name": "Legacy Computer",
        "slug": "legacy-computer"
    },
    {
        "id": 412,
        "alternative_name": "Leapster Learning Game System",
        "generation": 6,
        "name": "Leapster",
        "slug": "leapster"
    },
    {
        "id": 414,
        "alternative_name": "LeapTV VCD",
        "generation": 8,
        "name": "LeapTV",
        "slug": "leaptv"
    },
    {
        "id": 413,
        "generation": 7,
        "name": "Leapster Explorer/LeadPad Explorer",
        "slug": "leapster-explorer-slash-leadpad-explorer"
    },
    {
        "id": 438,
        "generation": 8,
        "name": "Arduboy",
        "slug": "arduboy"
    },
    {
        "id": 415,
        "generation": 4,
        "name": "Watara/QuickShot Supervision",
        "slug": "watara-slash-quickshot-supervision"
    },
    {
        "id": 439,
        "alternative_name": "V.SMILE TV LEARNING SYSTEM",
        "generation": 6,
        "name": "V.Smile",
        "slug": "vsmile"
    },
    {
        "id": 441,
        "generation": 5,
        "name": "PocketStation",
        "slug": "pocketstation"
    },
    {
        "id": 417,
        "alternative_name": "Garnet OS",
        "name": "Palm OS",
        "slug": "palm-os"
    },
    {
        "id": 7,
        "abbreviation": "PS1",
        "alternative_name": "PSX, PSOne, PS",
        "generation": 5,
        "name": "PlayStation",
        "slug": "ps"
    },
    {
        "id": 416,
        "alternative_name": "Nintendo 64DD",
        "generation": 5,
        "name": "64DD",
        "slug": "64dd"
    },
    {
        "id": 16,
        "abbreviation": "Amiga",
        "alternative_name": "Commodore Amiga",
        "name": "Amiga",
        "slug": "amiga"
    },
    {
        "id": 471,
        "generation": 9,
        "name": "Meta Quest 3",
        "slug": "meta-quest-3"
    },
    {
        "id": 480,
        "generation": 4,
        "name": "Super A'Can",
        "slug": "super-acan"
    },
    {
        "id": 47,
        "abbreviation": "VC",
        "alternative_name": "VC",
        "name": "Virtual Console",
        "slug": "vc"
    },
    {
        "id": 440,
        "alternative_name": "VMU / VMS",
        "generation": 6,
        "name": "Visual Memory Unit / Visual Memory System",
        "slug": "visual-memory-unit-slash-visual-memory-system"
    },
    {
        "id": 472,
        "name": "visionOS",
        "slug": "visionos"
    },
    {
        "id": 473,
        "name": "Arcadia 2001",
        "slug": "arcadia-2001"
    },
    {
        "id": 51,
        "abbreviation": "fds",
        "alternative_name": "Famicom Disk System, FDS",
        "generation": 3,
        "name": "Family Computer Disk System",
        "slug": "fds"
    },
    {
        "id": 474,
        "alternative_name": "Gametraq",
        "generation": 7,
        "name": "Gizmondo",
        "slug": "gizmondo"
    },
    {
        "id": 25,
        "abbreviation": "ACPC",
        "alternative_name": "Colour Personal Computer",
        "name": "Amstrad CPC",
        "slug": "acpc"
    },
    {
        "id": 52,
        "abbreviation": "Arcade",
        "name": "Arcade",
        "slug": "arcade"
    },
    {
        "id": 29,
        "abbreviation": "Genesis/MegaDrive",
        "alternative_name": "Sega Genesis",
        "generation": 4,
        "name": "Sega Mega Drive/Genesis",
        "slug": "genesis-slash-megadrive"
    },
    {
        "id": 59,
        "abbreviation": "Atari2600",
        "alternative_name": "Atari VCS",
        "generation": 2,
        "name": "Atari 2600",
        "slug": "atari2600"
    },
    {
        "id": 68,
        "abbreviation": "colecovision",
        "alternative_name": "Coleco",
        "generation": 2,
        "name": "ColecoVision",
        "slug": "colecovision"
    },
    {
        "id": 475,
        "generation": 5,
        "name": "R-Zone",
        "slug": "r-zone"
    },
    {
        "id": 476,
        "alternative_name": "PiPP!N",
        "generation": 5,
        "name": "Apple Pippin",
        "slug": "apple-pippin"
    },
    {
        "id": 481,
        "name": "Tomy Tutor / Pyuta / Grandstand Tutor",
        "slug": "tomy-tutor-slash-pyuta-slash-grandstand-tutor"
    },
    {
        "id": 486,
        "generation": 7,
        "name": "Digiblast",
        "slug": "digiblast"
    },
    {
        "id": 48,
        "abbreviation": "PS4",
        "alternative_name": "PS4",
        "generation": 8,
        "name": "PlayStation 4",
        "slug": "ps4--1"
    },
    {
        "id": 12,
        "abbreviation": "X360",
        "alternative_name": "X360",
        "generation": 7,
        "name": "Xbox 360",
        "slug": "xbox360"
    },
    {
        "id": 34,
        "abbreviation": "Android",
        "alternative_name": "Infocusa3",
        "name": "Android",
        "slug": "android"
    },
    {
        "id": 482,
        "alternative_name": "Sega Mega-CD 32X",
        "generation": 4,
        "name": "Sega CD 32X",
        "slug": "sega-cd-32x"
    },
    {
        "id": 49,
        "abbreviation": "XONE",
        "alternative_name": "XONE",
        "generation": 8,
        "name": "Xbox One",
        "slug": "xboxone"
    },
    {
        "id": 3,
        "abbreviation": "Linux",
        "alternative_name": "GNU/Linux",
        "name": "Linux",
        "slug": "linux"
    },
    {
        "id": 4,
        "abbreviation": "N64",
        "alternative_name": "N64",
        "generation": 5,
        "name": "Nintendo 64",
        "slug": "n64"
    },
    {
        "id": 55,
        "abbreviation": "Mobile",
        "alternative_name": "Legacy Cellphone",
        "name": "Legacy Mobile Device",
        "slug": "mobile"
    },
    {
        "id": 5,
        "abbreviation": "Wii",
        "alternative_name": "Revolution",
        "generation": 7,
        "name": "Wii",
        "slug": "wii"
    },
    {
        "id": 19,
        "abbreviation": "SNES",
        "alternative_name": "SNES, Super Nintendo",
        "generation": 4,
        "name": "Super Nintendo Entertainment System",
        "slug": "snes"
    },
    {
        "id": 39,
        "abbreviation": "iOS",
        "name": "iOS",
        "slug": "ios"
    },
    {
        "id": 58,
        "abbreviation": "SFAM",
        "alternative_name": "SFC",
        "generation": 4,
        "name": "Super Famicom",
        "slug": "sfam"
    },
    {
        "id": 63,
        "abbreviation": "Atari-ST",
        "name": "Atari ST/STE",
        "slug": "atari-st"
    },
    {
        "id": 75,
        "abbreviation": "Apple][",
        "alternative_name": "apple ][",
        "name": "Apple II",
        "slug": "appleii"
    },
    {
        "id": 82,
        "abbreviation": "browser",
        "alternative_name": "Internet",
        "name": "Web browser",
        "slug": "browser"
    },
    {
        "id": 90,
        "abbreviation": "cpet",
        "name": "Commodore PET",
        "slug": "cpet"
    },
    {
        "id": 126,
        "name": "TRS-80",
        "slug": "trs-80"
    },
    {
        "id": 159,
        "generation": 7,
        "name": "Nintendo DSi",
        "slug": "nintendo-dsi"
    },
    {
        "id": 487,
        "generation": 4,
        "name": "LaserActive",
        "slug": "laseractive"
    },
    {
        "id": 14,
        "abbreviation": "Mac",
        "alternative_name": "Mac OS",
        "name": "Mac",
        "slug": "mac"
    },
    {
        "id": 373,
        "alternative_name": "ZX81",
        "name": "Sinclair ZX81",
        "slug": "sinclair-zx81"
    },
    {
        "id": 72,
        "abbreviation": "Ouya",
        "generation": 8,
        "name": "Ouya",
        "slug": "ouya"
    },
    {
        "id": 130,
        "abbreviation": "Switch",
        "alternative_name": "NX",
        "generation": 8,
        "name": "Nintendo Switch",
        "slug": "switch"
    }
]