[
    {
        "id": 2,
        "name": "Point-and-click",
        "slug": "point-and-click"
    },
    {
        "id": 4,
        "name": "Fighting",
        "slug": "fighting"
    },
    {
        "id": 5,
        "name": "Shooter",
        "slug": "shooter"
    },
    {
        "id": 7,
        "name": "Music",
        "slug": "music"
    },
    {
        "id": 8,
        "name": "Platform",
        "slug": "platform"
    },
    {
        "id": 9,
        "name": "Puzzle",
        "slug": "puzzle"
    },
    {
        "id": 10,
        "name": "Racing",
        "slug": "racing"
    },
    {
        "id": 11,
        "name": "Real Time Strategy (RTS)",
        "slug": "real-time-strategy-rts"
    },
    {
        "id": 12,
        "name": "Role-playing (RPG)",
        "slug": "role-playing-rpg"
    },
    {
        "id": 13,
        "name": "Simulator",
        "slug": "simulator"
    },
    {
        "id": 14,
        "name": "Sport",
        "slug": "sport"
    },
    {
        "id": 15,
        "name": "Strategy",
        "slug": "strategy"
    },
    {
        "id": 16,
        "name": "Turn-based strategy (TBS)",
        "slug": "turn-based-strategy-tbs"
    },
    {
        "id": 24,
        "name": "Tactical",
        "slug": "tactical"
    },
    {
        "id": 25,
        "name": "Hack and slash/Beat 'em up",
        "slug": "hack-and-slash-beat-em-up"
    },
    {
        "id": 26,
        "name": "Quiz/Trivia",
        "slug": "quiz-trivia"
    },
    {
        "id": 30,
        "name": "Pinball",
        "slug": "pinball"
    },
    {
        "id": 31,
        "name": "Adventure",
        "slug": "adventure"
    },
    {
        "id": 32,
        "name": "Indie",
        "slug": "indie"
    },
    {
        "id": 33,
        "name": "Arcade",
        "slug": "arcade"
    },
    {
        "id": 34,
        "name": "Visual Novel",
        "slug": "visual-novel"
    },
    {
        "id": 35,
        "name": "Card & Board Game",
        "slug": "card-and-board-game"
    },
    {
        "id": 36,
        "name": "MOBA",
        "slug": "moba"
    }
]